species,allele,length,cv,sequence,inequality,ic50,smm,cluster,ratio
human,HLA A*2601,9,1,YTPLNYSKF,=,8.33,4244.7,0,1
human,HLA A*2601,9,2,EGIEGRIAY,=,8.61,744.0,1,1
human,HLA A*2601,9,1,EVIKVSARV,=,9.22307,51.4,2,1
human,HLA A*2601,9,2,LMQWWSDYV,=,342.83,28205.9,3,1
human,HLA A*2601,9,0,SSMNSDAAY,=,27.6,6168.9,4,1
human,HLA A*2601,9,0,QNADKNFLY,=,166.0,2982.8,5,1
human,HLA A*2601,9,4,ETVNFVPNY,=,5.1,93.3,6,1
human,HLA A*2601,9,1,HTAEIQQFF,=,5.41,4345.9,7,1
human,HLA A*2601,9,4,QAAESNERY,=,142.0,1461.7,8,1
human,HLA A*2601,9,2,IMNHLMTLY,=,175.0,3457.4,9,1
human,HLA A*2601,9,0,EQNWDWNRY,=,90.49,2400.5,10,1
human,HLA A*2601,9,4,TIPTNIPTL,=,239.97,6399.1,11,1
human,HLA A*2601,9,3,EIPGSPGSY,=,105.41,672.0,12,1
human,HLA A*2601,9,2,EIFPNIKIY,=,73.81,231.1,13,1
human,HLA A*2601,9,1,DTFGVIDTM,=,49.42,3720.1,14,1
human,HLA A*2601,9,3,ETIFTVLAL,=,7.67,309.3,15,1
human,HLA A*2601,9,4,DMCDIYLLY,=,118.716,1024.6,16,1
human,HLA A*2601,9,1,ASIDNYNKF,=,325.056,531.8,17,1
human,HLA A*2601,9,0,LIENELMNY,=,228.0,1389.3,18,1
human,HLA A*2601,9,3,TTIEDILPK,=,477.67,4531.5,19,1
human,HLA A*2601,9,1,SSPLFNNFY,=,17.0,1955.0,20,1
human,HLA A*2601,9,4,LLKDLMPFV,=,13.1,21149.5,21,1
human,HLA A*2601,9,1,SSFFMNRFY,=,166.0,1324.6,22,1
human,HLA A*2601,9,0,TTFPVNGGY,=,22.8,415.0,23,1
human,HLA A*2601,9,4,ESAERLKAY,=,16.0,262.2,24,1
human,HLA A*2601,9,2,FIAEIDHWI,=,110.7,3536.7,25,1
human,HLA A*2601,9,2,YVRGYLRGY,=,3.05,1299.1,26,1
human,HLA A*2601,9,4,FVIGGMTGV,<,10.0,361.2,27,1
human,HLA A*2601,9,3,EFFDGGLTF,=,19.94,6855.4,28,1
human,HLA A*2601,9,4,YLKKWLNSF,=,1.5,28062.7,29,1
human,HLA A*2601,9,1,FTIDFKLKY,=,3.94671,127.6,30,1
human,HLA A*2601,9,1,FTFDNSKFV,=,160.97,1520.9,31,1
human,HLA A*2601,9,2,EFIYWDWLY,=,26.05,429.1,32,1
human,HLA A*2601,9,0,EIPQFMIGL,=,27.16,394.4,33,1
